{
  "version": 1,
  "author": "Mateus Neves",
  "editor": "wokwi",
  "parts": [
    { "type": "board-esp32-s3-devkitc-1", "id": "esp", "top": 0, "left": 0, "attrs": {} },
    {
      "type": "wokwi-resistor",
      "id": "r1",
      "top": 76.66,
      "left": -89.64,
      "attrs": { "value": "1000" }
    },
    {
      "type": "wokwi-resistor",
      "id": "r2",
      "top": 125.93,
      "left": -91.54,
      "attrs": { "value": "1000" }
    },
    {
      "type": "wokwi-resistor",
      "id": "r3",
      "top": 110.42,
      "left": -89.56,
      "attrs": { "value": "1000" }
    },
    {
      "type": "wokwi-resistor",
      "id": "r4",
      "top": 93.18,
      "left": -91.22,
      "attrs": { "value": "1000" }
    },
    {
      "type": "wokwi-led",
      "id": "led1",
      "top": 40.09,
      "left": -124.66,
      "attrs": { "color": "yellow" }
    },
    {
      "type": "wokwi-led",
      "id": "led2",
      "top": 40.76,
      "left": -148.19,
      "attrs": { "color": "green" }
    },
    {
      "type": "wokwi-led",
      "id": "led3",
      "top": 40.08,
      "left": -173.06,
      "attrs": { "color": "blue" }
    },
    {
      "type": "wokwi-led",
      "id": "led4",
      "top": 41.63,
      "left": -201.08,
      "attrs": { "color": "red" }
    },
    {
      "type": "wokwi-pushbutton",
      "id": "btn1",
      "top": 309.27,
      "left": 132.91,
      "attrs": { "color": "green" }
    },
    {
      "type": "wokwi-pushbutton",
      "id": "btn2",
      "top": 258.11,
      "left": 127.28,
      "attrs": { "color": "green" }
    },
    {
      "type": "wokwi-photoresistor-sensor",
      "id": "ldr1",
      "top": -140.47,
      "left": -297.1,
      "attrs": {}
    },
    {
      "type": "wokwi-buzzer",
      "id": "bz1",
      "top": 13.97,
      "left": 135.29,
      "attrs": { "volume": "0.1" }
    }
  ],
  "connections": [
    [ "esp:TX", "$serialMonitor:RX", "", [] ],
    [ "esp:RX", "$serialMonitor:TX", "", [] ],
    [ "r4:2", "esp:17", "green", [ "v0" ] ],
    [ "r3:2", "esp:18", "green", [ "v0" ] ],
    [ "r2:2", "esp:8", "green", [ "v0" ] ],
    [ "r1:2", "esp:16", "green", [ "v0" ] ],
    [ "led4:A", "r1:1", "green", [ "v0" ] ],
    [ "led3:A", "r4:1", "green", [ "v0" ] ],
    [ "led2:A", "r3:1", "green", [ "v0" ] ],
    [ "led1:A", "r2:1", "green", [ "v0" ] ],
    [ "led4:C", "esp:GND.1", "green", [ "v0" ] ],
    [ "led3:C", "esp:GND.1", "green", [ "v0" ] ],
    [ "led2:C", "esp:GND.1", "green", [ "v0" ] ],
    [ "led1:C", "esp:GND.1", "green", [ "v0" ] ],
    [ "btn1:1.l", "esp:6", "green", [ "h0" ] ],
    [ "btn1:2.l", "esp:GND.1", "green", [ "h0" ] ],
    [ "btn2:1.l", "esp:5", "green", [ "h0" ] ],
    [ "btn2:2.l", "esp:GND.1", "green", [ "h0" ] ],
    [ "ldr1:VCC", "esp:3V3.1", "red", [ "h0" ] ],
    [ "ldr1:GND", "esp:GND.2", "black", [ "h0" ] ],
    [ "ldr1:AO", "esp:4", "green", [ "h0" ] ],
    [ "bz1:1", "esp:GND.4", "green", [ "v0" ] ],
    [ "bz1:2", "esp:46", "green", [ "v0" ] ]
  ]
}